INSERT INTO news_category (
    id, category_name, category_code, parent_id, sort_no, status, created_at, updated_at
) VALUES
    (1, '全球热点', 'global', 0, 10, 1, NOW(), NOW()),
    (2, '财经市场', 'finance', 0, 20, 1, NOW(), NOW()),
    (3, '科技趋势', 'tech', 0, 30, 1, NOW(), NOW()),
    (4, 'AI 前沿', 'ai', 0, 40, 1, NOW(), NOW()),
    (5, '宏观政策', 'macro', 0, 50, 1, NOW(), NOW()),
    (6, '投行观点', 'investment_view', 0, 60, 1, NOW(), NOW()),
    (7, '产业观察', 'industry', 0, 70, 1, NOW(), NOW()),
    (8, '公司动态', 'company', 0, 80, 1, NOW(), NOW())
ON DUPLICATE KEY UPDATE
    category_name = VALUES(category_name),
    sort_no = VALUES(sort_no),
    status = VALUES(status),
    updated_at = NOW();

INSERT INTO news_source (
    id, source_name, source_type, source_url, country, language, default_category_code,
    usage_policy, allow_title, allow_summary, allow_fulltext, allow_commercial,
    risk_level, status, created_at, updated_at
) VALUES
    (1, 'Goldman Sachs Research', 'IB_PUBLIC', 'https://www.goldmansachs.com/insights/', 'US', 'zh-CN', 'investment_view', 'UNKNOWN', 1, 1, 0, 0, 'MEDIUM', 1, NOW(), NOW()),
    (2, 'Federal Reserve', 'OFFICIAL', 'https://www.federalreserve.gov/', 'US', 'zh-CN', 'macro', 'UNKNOWN', 1, 1, 0, 0, 'LOW', 1, NOW(), NOW()),
    (3, 'Tech Brief', 'RSS', 'https://example.com/tech', 'GLOBAL', 'zh-CN', 'ai', 'UNKNOWN', 1, 1, 0, 0, 'MEDIUM', 1, NOW(), NOW()),
    (4, 'Industry Watch', 'RSS', 'https://example.com/industry', 'GLOBAL', 'zh-CN', 'industry', 'UNKNOWN', 1, 1, 0, 0, 'MEDIUM', 1, NOW(), NOW()),
    (5, 'Nomura Insight', 'IB_PUBLIC', 'https://www.nomura.com/', 'JP', 'zh-CN', 'investment_view', 'UNKNOWN', 1, 1, 0, 0, 'MEDIUM', 1, NOW(), NOW())
ON DUPLICATE KEY UPDATE
    source_name = VALUES(source_name),
    source_type = VALUES(source_type),
    status = VALUES(status),
    updated_at = NOW();

INSERT INTO news_article (
    id, title, normalized_title, summary, ai_summary, key_points, impact_analysis,
    source_id, source_name, original_url, category_id, category_code, language, country,
    publish_time, hot_score, article_hash, article_status, is_top,
    view_count, favorite_count, play_count, created_at, updated_at
) VALUES
    (
        1,
        '高盛：AI 基建投资仍将持续，电力和算力需求进入新阶段',
        '高盛 ai 基建投资 电力 算力',
        '高盛公开观点认为，AI 基础设施投资仍处于扩张阶段，算力、电力和数据中心产业链将持续受益。',
        '高盛公开观点显示，AI 基建投资仍处在扩张周期，云服务商和企业客户对算力、电力、数据中心和网络基础设施的需求仍然强劲。',
        'AI 基建投资仍处于扩张阶段。\n电力、算力和数据中心产业链继续受益。\n市场关注云厂商 CapEx 与供应链兑现节奏。',
        '相关观点可能继续强化市场对高端芯片、数据中心、电力设备和网络基础设施的关注，但估值和资本开支节奏仍需跟踪。',
        1,
        'Goldman Sachs Research',
        'https://example.com/goldman-ai-infra',
        6,
        'investment_view',
        'zh-CN',
        'US',
        '2026-06-08 09:30:00',
        96.00,
        'seed-article-001',
        'PUBLISHED',
        1,
        1200,
        28,
        64,
        NOW(),
        NOW()
    ),
    (
        2,
        '美联储官员释放谨慎信号，市场重新评估降息节奏',
        '美联储 谨慎 降息节奏',
        '市场关注美联储最新表态，投资者正在调整对后续利率路径的预期。',
        '美联储相关表态延续谨慎基调，市场对年内降息次数和时间点的预期出现再定价。',
        '通胀回落路径仍存在不确定性。\n市场重新评估年内降息节奏。\n长端收益率和美元走势对风险资产形成影响。',
        '利率路径预期变化可能影响美股估值、美元指数、黄金和新兴市场资金流向。',
        2,
        'Federal Reserve',
        'https://example.com/fed-rate-path',
        5,
        'macro',
        'zh-CN',
        'US',
        '2026-06-08 08:45:00',
        91.00,
        'seed-article-002',
        'PUBLISHED',
        0,
        980,
        16,
        42,
        NOW(),
        NOW()
    ),
    (
        3,
        '全球科技巨头继续加码 AI 应用，企业端落地成为竞争焦点',
        '科技巨头 ai 应用 企业端',
        'AI 应用正在从模型能力竞争转向企业效率提升和场景落地。',
        '大型科技公司继续推进 AI 应用落地，企业端办公、客服、研发和数据分析场景成为竞争重点。',
        'AI 竞争焦点从模型参数转向应用场景。\n企业端效率提升成为商业化关键。\n数据安全和成本控制仍是落地约束。',
        'AI 应用落地有望带动软件订阅、云服务和芯片需求，但产品体验与企业预算仍会影响节奏。',
        3,
        'Tech Brief',
        'https://example.com/enterprise-ai',
        4,
        'ai',
        'zh-CN',
        'GLOBAL',
        '2026-06-08 07:50:00',
        94.00,
        'seed-article-003',
        'PUBLISHED',
        0,
        860,
        21,
        45,
        NOW(),
        NOW()
    ),
    (
        4,
        '半导体产业链热度升温，先进封装和存储需求受到关注',
        '半导体 先进封装 存储 hbm',
        '随着 AI 服务器需求增长，先进封装、HBM 和高速互连成为市场关注方向。',
        'AI 服务器需求延续增长，带动先进封装、HBM、高速互连和服务器供应链关注度提升。',
        'HBM 和先进封装仍是 AI 算力扩张的重要环节。\n服务器需求改善带动产业链订单能见度。\n供应扩张和价格周期仍需观察。',
        '产业链热度可能支撑半导体设备、存储和封测板块表现，但短期波动会受库存周期影响。',
        4,
        'Industry Watch',
        'https://example.com/semiconductor-hbm',
        7,
        'industry',
        'zh-CN',
        'GLOBAL',
        '2026-06-08 06:35:00',
        88.00,
        'seed-article-004',
        'PUBLISHED',
        0,
        760,
        14,
        31,
        NOW(),
        NOW()
    ),
    (
        5,
        '野村公开观点：亚洲市场资金流向出现结构性变化',
        '野村 亚洲市场 资金流向',
        '野村公开观点认为，亚洲主要市场的资金流向正在受到汇率、利率和政策预期影响。',
        '野村公开观点指出，亚洲市场资金流向正出现结构性变化，汇率、利率差和政策预期成为关键变量。',
        '亚洲资金流向受到美元和本地利率影响。\n政策预期改变市场风险偏好。\n外资配置可能更重视盈利确定性。',
        '资金流向变化可能影响亚洲权益市场估值分化，出口链、金融和科技板块需分别跟踪。',
        5,
        'Nomura Insight',
        'https://example.com/nomura-asia-flow',
        6,
        'investment_view',
        'zh-CN',
        'JP',
        '2026-06-08 05:40:00',
        86.00,
        'seed-article-005',
        'PUBLISHED',
        0,
        620,
        11,
        22,
        NOW(),
        NOW()
    )
ON DUPLICATE KEY UPDATE
    title = VALUES(title),
    summary = VALUES(summary),
    ai_summary = VALUES(ai_summary),
    key_points = VALUES(key_points),
    impact_analysis = VALUES(impact_analysis),
    hot_score = VALUES(hot_score),
    article_status = VALUES(article_status),
    updated_at = NOW();

INSERT INTO daily_digest (
    id, digest_date, digest_type, category_code, title, summary, content, audio_text,
    digest_status, publish_time, created_at, updated_at
) VALUES
    (
        1,
        '2026-06-08',
        'MORNING',
        'global',
        '今日全球早报',
        '精选全球、财经、AI 与投行观点 10 条重点',
        '英伟达 Blackwell Ultra 发布\n美联储维持利率不变\n标普 500 再创阶段新高\n苹果推进自研 AI 芯片\nOPEC+ 延长减产计划\n高盛看多 AI 基建投资',
        '今天的全球早报包括美股反弹、AI 基建投资、宏观利率路径和产业链热点。重点关注 AI 算力、电力需求、美联储政策信号和亚洲市场资金流向。',
        'PUBLISHED',
        '2026-06-08 08:30:00',
        NOW(),
        NOW()
    ),
    (
        2,
        '2026-06-08',
        'NOON',
        'global',
        '午间快讯',
        '午间全球要闻速递，快速掌握最新动态',
        '亚洲市场资金流向变化\n半导体产业链热度升温\n美元指数短线走强',
        '午间快讯聚焦亚洲市场、半导体产业链和美元走势。',
        'PUBLISHED',
        '2026-06-08 12:20:00',
        NOW(),
        NOW()
    ),
    (
        3,
        '2026-06-08',
        'EVENING',
        'global',
        '晚间复盘',
        '收盘后深度复盘，洞察市场与机会',
        '美股科技板块继续领涨\n市场重新评估降息节奏\n能源价格维持高位震荡',
        '晚间复盘将梳理全天市场表现、政策信号和产业热点。',
        'PUBLISHED',
        '2026-06-08 21:00:00',
        NOW(),
        NOW()
    )
ON DUPLICATE KEY UPDATE
    title = VALUES(title),
    summary = VALUES(summary),
    content = VALUES(content),
    audio_text = VALUES(audio_text),
    digest_status = VALUES(digest_status),
    updated_at = NOW();
